{
    "zh_CN": {
        "dialogTitle" : "耳机接入通知",
        "dialogMsg" : "请选择接入的设备类型（按ESC键取消）",
        "btnHeadphone" : "耳机",
        "btnLinein" : "线路输入",
        "btnHeadset" : "耳麦",
        "btnCancel" : "取消"
    },
    "en_US": {
            "dialogTitle" : "Combo Jack Selection",
            "dialogMsg" : "Select your device type (Press ESC to cancel)",
            "btnHeadphone" : "Headphones",
            "btnLinein" : "Line-In",
            "btnHeadset" : "Headset",
            "btnCancel" : "Cancel"
    },
    "vi_VN": {
        "dialogTitle" : "Thông báo cắm tai nghe",
        "dialogMsg" : "Lựa chọn loại thiết bị được cắm vào? (Bấm ESC để huỷ)",
        "btnHeadphone" : "Tai nghe thường",
        "btnLinein" : "Microphone",
        "btnHeadset" : "Tai nghe có mic",
        "btnCancel" : "Huỷ"
    }
}
